Workbook

Sheet BASELINE
A1: EA | B1: Symbol | C1: TF | D1: Magic | E1: Key | F1: Class | G1: BT_OOS_PF | H1: BT_maxDD% | I1: BT_consec | J1: Notes
A2: Matchagrid MG_v1 | B2: CHFJPY | C2: M15 | E2: =IF(D2="","",D2&"|"&B2) | F2: grid | G2: 2.08 | J2: magic NOT in .set - read from MT5 GUI then fill col D
A3: NuiIndy RSI+ADX | B3: EURUSD | C3: H1 | D3: 1524 | E3: =IF(D3="","",D3&"|"&B3) -> 1524|EURUSD | F3: reversion | G3: 2
A4: ST_EA03 MACD | B4: GBPUSD | C4: H1 | D4: 9397 | E4: =IF(D4="","",D4&"|"&B4) -> 9397|GBPUSD | F4: rev-pyramid | G4: 2.47
A5: ST_EA03 MACD | B5: USDCAD | C5: H1 | D5: 9398 | E5: =IF(D5="","",D5&"|"&B5) -> 9398|USDCAD | F5: rev-pyramid | G5: 2.62
A6: Gold Reaper 4.3 | B6: XAUUSD | C6: H1 | E6: =IF(D6="","",D6&"|"&B6) | F6: scalper | G6: 2.07 | J6: magic NOT in .set - read from MT5 GUI then fill col D
A7: EA_BREAKOUT_XAU Bars55 | B7: XAUUSD | C7: H1 | D7: 991001 | E7: =IF(D7="","",D7&"|"&B7) -> 991001|XAUUSD | F7: breakout | G7: 2.94 | J7: v3 set
A8: LondonConsoBreakout CB_GBP | B8: GBPUSD | C8: H1 | D8: 990005 | E8: =IF(D8="","",D8&"|"&B8) -> 990005|GBPUSD | F8: breakout | G8: 2.08
A9: EA_RUNNER_ST03 replica | B9: GBPUSD | C9: H1 | D9: 990010 | E9: =IF(D9="","",D9&"|"&B9) -> 990010|GBPUSD | F9: rev-pyramid | G9: 3.93 | J9: PROVISIONAL - re-confirm OOS (sibling overfit)
A10: EA_BREAKOUT_XAU Bars8 | B10: XAUUSD | C10: H1 | D10: 991002 | E10: =IF(D10="","",D10&"|"&B10) -> 991002|XAUUSD | F10: breakout | G10: 3.92 | J10: additive corr 0.21 vs #6

Sheet LIVE
A1: magic | B1: symbol | C1: trades | D1: net | E1: PF | F1: win_pct | G1: avg_win | H1: avg_loss | I1: win_loss | J1: max_consec_L | K1: realized_DD | N1: Key
N2: =IF(A2="","",A2&"|"&B2) | P2: paste the per-EA summary CSV (parse_live_deals.ps1 -Csv) here at A2; cols A-K match exactly; col N Key auto-fills
N3: =IF(A3="","",A3&"|"&B3)
N4: =IF(A4="","",A4&"|"&B4)
N5: =IF(A5="","",A5&"|"&B5)
N6: =IF(A6="","",A6&"|"&B6)
N7: =IF(A7="","",A7&"|"&B7)
N8: =IF(A8="","",A8&"|"&B8)
N9: =IF(A9="","",A9&"|"&B9)
N10: =IF(A10="","",A10&"|"&B10)
N11: =IF(A11="","",A11&"|"&B11)
N12: =IF(A12="","",A12&"|"&B12)
N13: =IF(A13="","",A13&"|"&B13)
N14: =IF(A14="","",A14&"|"&B14)
... N60: =IF(A60="","",A60&"|"&B60)

Sheet DASHBOARD
A1: EA | B1: Symbol | C1: Key | D1: BT_PF | E1: Live_PF | F1: PF_ratio | G1: Live_trades | H1: Live_net | I1: Live_DD | J1: FLAG
A2: =BASELINE!A2 -> Matchagrid MG_v1 | B2: =BASELINE!B2 -> CHFJPY | C2: =BASELINE!E2 | D2: =BASELINE!G2 -> 2.08 | E2: =IF(C2="","(set magic)",IFERROR(INDEX(LIVE!$E:$E,MATCH(C2,LIVE!$N:$N,0)),"")) -> (set magic) | F2: =IFERROR(E2/D2,"") | G2: =IF(C2="","",IFERROR(INDEX(LIVE!$C:$C,MATCH(C2,LIVE!$N:$N,0)),"")) | H2: =IF(C2="","",IFERROR(INDEX(LIVE!$D:$D,MATCH(C2,LIVE!$N:$N,0)),"")) | I2: =IF(C2="","",IFERROR(INDEX(LIVE!$K:$K,MATCH(C2,LIVE!$N:$N,0)),"")) | J2: =IF(C2="","SET MAGIC",IF(G2="","NO DATA",IF(G2<10,"INCONCLUSIVE",IF(F2>=0.7,"KEEP",IF(G2<25,"WATCH","PAUSE-review"))))) -> SET MAGIC
A3: =BASELINE!A3 -> NuiIndy RSI+ADX | B3: =BASELINE!B3 -> EURUSD | C3: =BASELINE!E3 -> 1524|EURUSD | D3: =BASELINE!G3 -> 2 | E3: =IF(C3="","(set magic)",IFERROR(INDEX(LIVE!$E:$E,MATCH(C3,LIVE!$N:$N,0)),"")) | F3: =IFERROR(E3/D3,"") | G3: =IF(C3="","",IFERROR(INDEX(LIVE!$C:$C,MATCH(C3,LIVE!$N:$N,0)),"")) | H3: =IF(C3="","",IFERROR(INDEX(LIVE!$D:$D,MATCH(C3,LIVE!$N:$N,0)),"")) | I3: =IF(C3="","",IFERROR(INDEX(LIVE!$K:$K,MATCH(C3,LIVE!$N:$N,0)),"")) | J3: =IF(C3="","SET MAGIC",IF(G3="","NO DATA",IF(G3<10,"INCONCLUSIVE",IF(F3>=0.7,"KEEP",IF(G3<25,"WATCH","PAUSE-review"))))) -> NO DATA
A4: =BASELINE!A4 -> ST_EA03 MACD | B4: =BASELINE!B4 -> GBPUSD | C4: =BASELINE!E4 -> 9397|GBPUSD | D4: =BASELINE!G4 -> 2.47 | E4: =IF(C4="","(set magic)",IFERROR(INDEX(LIVE!$E:$E,MATCH(C4,LIVE!$N:$N,0)),"")) | F4: =IFERROR(E4/D4,"") | G4: =IF(C4="","",IFERROR(INDEX(LIVE!$C:$C,MATCH(C4,LIVE!$N:$N,0)),"")) | H4: =IF(C4="","",IFERROR(INDEX(LIVE!$D:$D,MATCH(C4,LIVE!$N:$N,0)),"")) | I4: =IF(C4="","",IFERROR(INDEX(LIVE!$K:$K,MATCH(C4,LIVE!$N:$N,0)),"")) | J4: =IF(C4="","SET MAGIC",IF(G4="","NO DATA",IF(G4<10,"INCONCLUSIVE",IF(F4>=0.7,"KEEP",IF(G4<25,"WATCH","PAUSE-review"))))) -> NO DATA
A5: =BASELINE!A5 -> ST_EA03 MACD | B5: =BASELINE!B5 -> USDCAD | C5: =BASELINE!E5 -> 9398|USDCAD | D5: =BASELINE!G5 -> 2.62 | E5: =IF(C5="","(set magic)",IFERROR(INDEX(LIVE!$E:$E,MATCH(C5,LIVE!$N:$N,0)),"")) | F5: =IFERROR(E5/D5,"") | G5: =IF(C5="","",IFERROR(INDEX(LIVE!$C:$C,MATCH(C5,LIVE!$N:$N,0)),"")) | H5: =IF(C5="","",IFERROR(INDEX(LIVE!$D:$D,MATCH(C5,LIVE!$N:$N,0)),"")) | I5: =IF(C5="","",IFERROR(INDEX(LIVE!$K:$K,MATCH(C5,LIVE!$N:$N,0)),"")) | J5: =IF(C5="","SET MAGIC",IF(G5="","NO DATA",IF(G5<10,"INCONCLUSIVE",IF(F5>=0.7,"KEEP",IF(G5<25,"WATCH","PAUSE-review"))))) -> NO DATA
A6: =BASELINE!A6 -> Gold Reaper 4.3 | B6: =BASELINE!B6 -> XAUUSD | C6: =BASELINE!E6 | D6: =BASELINE!G6 -> 2.07 | E6: =IF(C6="","(set magic)",IFERROR(INDEX(LIVE!$E:$E,MATCH(C6,LIVE!$N:$N,0)),"")) -> (set magic) | F6: =IFERROR(E6/D6,"") | G6: =IF(C6="","",IFERROR(INDEX(LIVE!$C:$C,MATCH(C6,LIVE!$N:$N,0)),"")) | H6: =IF(C6="","",IFERROR(INDEX(LIVE!$D:$D,MATCH(C6,LIVE!$N:$N,0)),"")) | I6: =IF(C6="","",IFERROR(INDEX(LIVE!$K:$K,MATCH(C6,LIVE!$N:$N,0)),"")) | J6: =IF(C6="","SET MAGIC",IF(G6="","NO DATA",IF(G6<10,"INCONCLUSIVE",IF(F6>=0.7,"KEEP",IF(G6<25,"WATCH","PAUSE-review"))))) -> SET MAGIC
A7: =BASELINE!A7 -> EA_BREAKOUT_XAU Bars55 | B7: =BASELINE!B7 -> XAUUSD | C7: =BASELINE!E7 -> 991001|XAUUSD | D7: =BASELINE!G7 -> 2.94 | E7: =IF(C7="","(set magic)",IFERROR(INDEX(LIVE!$E:$E,MATCH(C7,LIVE!$N:$N,0)),"")) | F7: =IFERROR(E7/D7,"") | G7: =IF(C7="","",IFERROR(INDEX(LIVE!$C:$C,MATCH(C7,LIVE!$N:$N,0)),"")) | H7: =IF(C7="","",IFERROR(INDEX(LIVE!$D:$D,MATCH(C7,LIVE!$N:$N,0)),"")) | I7: =IF(C7="","",IFERROR(INDEX(LIVE!$K:$K,MATCH(C7,LIVE!$N:$N,0)),"")) | J7: =IF(C7="","SET MAGIC",IF(G7="","NO DATA",IF(G7<10,"INCONCLUSIVE",IF(F7>=0.7,"KEEP",IF(G7<25,"WATCH","PAUSE-review"))))) -> NO DATA
A8: =BASELINE!A8 -> LondonConsoBreakout CB_GBP | B8: =BASELINE!B8 -> GBPUSD | C8: =BASELINE!E8 -> 990005|GBPUSD | D8: =BASELINE!G8 -> 2.08 | E8: =IF(C8="","(set magic)",IFERROR(INDEX(LIVE!$E:$E,MATCH(C8,LIVE!$N:$N,0)),"")) | F8: =IFERROR(E8/D8,"") | G8: =IF(C8="","",IFERROR(INDEX(LIVE!$C:$C,MATCH(C8,LIVE!$N:$N,0)),"")) | H8: =IF(C8="","",IFERROR(INDEX(LIVE!$D:$D,MATCH(C8,LIVE!$N:$N,0)),"")) | I8: =IF(C8="","",IFERROR(INDEX(LIVE!$K:$K,MATCH(C8,LIVE!$N:$N,0)),"")) | J8: =IF(C8="","SET MAGIC",IF(G8="","NO DATA",IF(G8<10,"INCONCLUSIVE",IF(F8>=0.7,"KEEP",IF(G8<25,"WATCH","PAUSE-review"))))) -> NO DATA
A9: =BASELINE!A9 -> EA_RUNNER_ST03 replica | B9: =BASELINE!B9 -> GBPUSD | C9: =BASELINE!E9 -> 990010|GBPUSD | D9: =BASELINE!G9 -> 3.93 | E9: =IF(C9="","(set magic)",IFERROR(INDEX(LIVE!$E:$E,MATCH(C9,LIVE!$N:$N,0)),"")) | F9: =IFERROR(E9/D9,"") | G9: =IF(C9="","",IFERROR(INDEX(LIVE!$C:$C,MATCH(C9,LIVE!$N:$N,0)),"")) | H9: =IF(C9="","",IFERROR(INDEX(LIVE!$D:$D,MATCH(C9,LIVE!$N:$N,0)),"")) | I9: =IF(C9="","",IFERROR(INDEX(LIVE!$K:$K,MATCH(C9,LIVE!$N:$N,0)),"")) | J9: =IF(C9="","SET MAGIC",IF(G9="","NO DATA",IF(G9<10,"INCONCLUSIVE",IF(F9>=0.7,"KEEP",IF(G9<25,"WATCH","PAUSE-review"))))) -> NO DATA
A10: =BASELINE!A10 -> EA_BREAKOUT_XAU Bars8 | B10: =BASELINE!B10 -> XAUUSD | C10: =BASELINE!E10 -> 991002|XAUUSD | D10: =BASELINE!G10 -> 3.92 | E10: =IF(C10="","(set magic)",IFERROR(INDEX(LIVE!$E:$E,MATCH(C10,LIVE!$N:$N,0)),"")) | F10: =IFERROR(E10/D10,"") | G10: =IF(C10="","",IFERROR(INDEX(LIVE!$C:$C,MATCH(C10,LIVE!$N:$N,0)),"")) | H10: =IF(C10="","",IFERROR(INDEX(LIVE!$D:$D,MATCH(C10,LIVE!$N:$N,0)),"")) | I10: =IF(C10="","",IFERROR(INDEX(LIVE!$K:$K,MATCH(C10,LIVE!$N:$N,0)),"")) | J10: =IF(C10="","SET MAGIC",IF(G10="","NO DATA",IF(G10<10,"INCONCLUSIVE",IF(F10>=0.7,"KEEP",IF(G10<25,"WATCH","PAUSE-review"))))) -> NO DATA
A12: FLAG = analysis only, NOT auto-reject. Reject = /ea-monitor judgment (magic attribution + mechanism).
A13: Thresholds: KEEP PF>=0.7xBT; <10 trades=INCONCLUSIVE; 10-24=WATCH; >=25 and PF<0.7xBT=PAUSE-review. Live_DD (col I) shown for reference (not in FLAG yet; fill BT_maxDD% to compare).
A14: MG_v1 + Gold Reaper magic not in .set -> fill BASELINE col D from MT5 GUI or they stay SET MAGIC.
